case_id,reviewer,plan_a_likert,plan_b_likert,preference,comments
"C01,""Christiano Coli"",1,4,B,"""""
"C02,""Christiano Coli"",2,3,B,"""""
"C03,""Christiano Coli"",2,2,N,"""""
"C04,""Christiano Coli"",3,3,A,"""""
"C05,""Christiano Coli"",2,3,B,"""""
"C06,""Christiano Coli"",4,3,A,"""""
"C07,""Christiano Coli"",1,4,B,"""""
"C08,""Christiano Coli"",4,1,A,"""""
"C09,""Christiano Coli"",4,3,A,"""""
"C10,""Christiano Coli"",1,2,N,"""""
"C11,""Christiano Coli"",3,3,N,"""""
"C12,""Christiano Coli"",1,1,N,"""""
"C13,""Christiano Coli"",1,3,B,"""""
"C14,""Christiano Coli"",3,3,N,"""""
"C15,""Christiano Coli"",4,2,A,"""""
"C16,""Christiano Coli"",4,1,A,"""""
"C17,""Christiano Coli"",3,3,N,"""""
"C18,""Christiano Coli"",1,4,B,"""""
"C19,""Christiano Coli"",4,3,A,"""""
"C20,""Christiano Coli"",3,3,A,"""""
"C21,""Christiano Coli"",4,1,A,""It's important to know the cause of the coma, as this information determines whether or not intubation is necessary. For example, if it's not drug-induced, the need for intubation is questionable."""
"C22,""Christiano Coli"",1,2,N,"""""
"C23,""Christiano Coli"",2,2,N,"""""
"C24,""Christiano Coli"",4,1,A,"""""
"C25,""Christiano Coli"",2,2,N,"""""
"C26,""Christiano Coli"",3,3,B,"""""
"C27,""Christiano Coli"",1,3,,"""""
"feedback_realism,""Christiano Coli"",,,,""Plausible scenarios, some insufficient for choosing the best treatment option."""
"feedback_patterns,""Christiano Coli"",,,,""No specific comments."""
"feedback_info,""Christiano Coli"",,,,""There is no fixed standard for definitive decisions in medicine. A multifaceted and individualized assessment is necessary."""
"feedback_other,""Christiano Coli"",,,,""None."""
